,date,compound,concentration
0,2011-03-22,Li,0.916061160047887
1,2011-03-23,Li,0.313835492399083
2,2011-03-24,Li,0.68844027241029
3,2011-03-25,Li,0.476848219952956
4,2011-03-26,Li,0.36587868783774
5,2011-03-27,Li,0.288956821224719
6,2011-03-28,Li,0.969642494817837
7,2011-03-29,Li,0.91842481345363
8,2011-03-30,Li,0.585508996413029
9,2011-03-31,Li,0.759165379080367
10,2011-04-01,Li,0.578845107263297
11,2011-04-02,Li,0.455918548595592
12,2011-04-03,Li,0.526997747008568
13,2011-04-04,Li,0.395237585661215
14,2011-04-05,Li,0.419621137761147
15,2011-04-06,Li,0.258892975902036
16,2011-04-07,Li,0.24628418192897
17,2011-04-08,Li,0.553738251735409
18,2011-04-09,Li,1.15148556151864
19,2011-04-10,Li,1.13244458595688
20,2011-04-11,Li,0.701896549562004
21,2011-04-12,Li,0.634388503180072
22,2011-04-13,Li,0.736726097321077
23,2011-04-14,Li,0.4740412152401
24,2011-04-15,Li,0.702023080307241
25,2011-04-16,Li,0.756280610110642
26,2011-04-17,Li,0.71824937769875
27,2011-04-18,Li,0.561972383386431
28,2011-04-19,Li,0.151485659725169
29,2011-04-20,Li,0.37855448782911
30,2011-04-21,Li,0.832555112829822
31,2011-04-22,Li,0.309141174023197
32,2011-04-23,Li,0.309264073490336
33,2011-04-24,Li,0.2970885231918
34,2011-04-25,Li,0.480611093745743
35,2011-04-26,Li,0.531027716051301
36,2011-04-27,Li,0.68418275516116
37,2011-03-22,Be,0.0626399708108244
38,2011-03-23,Be,0.0351105870873313
39,2011-03-24,Be,0.0256179349496884
40,2011-03-25,Be,0.0252421181349261
41,2011-03-26,Be,0.0168438434868461
42,2011-03-27,Be,0.0113680247767217
43,2011-03-28,Be,0.0384084518016442
44,2011-03-29,Be,0.0288923683690129
45,2011-03-30,Be,0.0278754359833449
46,2011-03-31,Be,0.0483688409526929
47,2011-04-01,Be,0.0438817916844073
48,2011-04-02,Be,0.042888603800582
49,2011-04-03,Be,0.0427175800943243
50,2011-04-04,Be,0.035586190313984
51,2011-04-05,Be,0.0411048370234417
52,2011-04-06,Be,0.0321106544807704
53,2011-04-07,Be,0.0310677890886106
54,2011-04-08,Be,0.0443593287995269
55,2011-04-09,Be,0.0638470080407266
56,2011-04-10,Be,0.0723499903459913
57,2011-04-11,Be,0.0505929156606354
58,2011-04-12,Be,0.0389459992804305
59,2011-04-13,Be,0.047039579367433
60,2011-04-14,Be,0.036039540712483
61,2011-04-15,Be,0.0447129595639909
62,2011-04-16,Be,0.0423709527466753
63,2011-04-17,Be,0.0391224780473303
64,2011-04-18,Be,0.0427990323629858
65,2011-04-19,Be,0.0209587550380654
66,2011-04-20,Be,0.0288556338028169
67,2011-04-21,Be,0.0563544196211753
68,2011-04-22,Be,0.0298542397131266
69,2011-04-23,Be,0.0303933948518698
70,2011-04-24,Be,0.0260103681760474
71,2011-04-25,Be,0.032960231980116
72,2011-04-26,Be,0.0354343334305968
73,2011-04-27,Be,0.0464822994866748
74,2011-03-22,Sc,0.838367386439647
75,2011-03-23,Sc,4.18000634653333
76,2011-03-24,Sc,0.823909738327257
77,2011-03-25,Sc,1.07039308855823
78,2011-03-26,Sc,1.55698080564186
79,2011-03-27,Sc,0.0
80,2011-03-28,Sc,0.0348320215565116
81,2011-03-29,Sc,0.381099168040892
82,2011-03-30,Sc,1.56210488645896
83,2011-03-31,Sc,0.80703932183514
84,2011-04-01,Sc,1.41344792171922
85,2011-04-02,Sc,0.763926351717566
86,2011-04-03,Sc,1.50317847316424
87,2011-04-04,Sc,2.68763850286012
88,2011-04-05,Sc,1.3743449502562
89,2011-04-06,Sc,0.775579683893687
90,2011-04-07,Sc,0.28056174873577
91,2011-04-08,Sc,0.244087098509971
92,2011-04-09,Sc,2.61333779840869
93,2011-04-10,Sc,4.11567589703043
94,2011-04-11,Sc,0.821142515306777
95,2011-04-12,Sc,0.653012315161913
96,2011-04-13,Sc,1.20877219627923
97,2011-04-14,Sc,0.0
98,2011-04-15,Sc,0.0961892151827967
99,2011-04-16,Sc,0.998438805408701
100,2011-04-17,Sc,0.729690671441681
101,2011-04-18,Sc,0.760132398144773
102,2011-04-19,Sc,0.419297525719684
103,2011-04-20,Sc,0.597741166797915
104,2011-04-21,Sc,1.01831528546864
105,2011-04-22,Sc,0.0
106,2011-04-23,Sc,0.0
107,2011-04-24,Sc,1.79228376952905
108,2011-04-25,Sc,0.0360424802805099
109,2011-04-26,Sc,1.18608162986969
110,2011-04-27,Sc,1.99857587003747
111,2011-03-22,Ti,58.0832686337472
112,2011-03-23,Ti,28.1824636015035
113,2011-03-24,Ti,55.0605422187885
114,2011-03-25,Ti,46.3974986296941
115,2011-03-26,Ti,32.9627220092216
116,2011-03-27,Ti,26.5841148152327
117,2011-03-28,Ti,60.6561496445386
118,2011-03-29,Ti,43.6645528987652
119,2011-03-30,Ti,47.1479031393821
120,2011-03-31,Ti,58.2407065315481
121,2011-04-01,Ti,36.8339825537097
122,2011-04-02,Ti,30.4307586900275
123,2011-04-03,Ti,45.6151088778331
124,2011-04-04,Ti,50.4510645733506
125,2011-04-05,Ti,45.888740993226
126,2011-04-06,Ti,32.0607672732603
127,2011-04-07,Ti,33.1065680796088
128,2011-04-08,Ti,43.5855449380682
129,2011-04-09,Ti,87.2130113344772
130,2011-04-10,Ti,77.2958201686884
131,2011-04-11,Ti,51.2032331862955
132,2011-04-12,Ti,51.6094123515963
133,2011-04-13,Ti,43.3824581615376
134,2011-04-14,Ti,37.6681332146536
135,2011-04-15,Ti,41.6398365165835
136,2011-04-16,Ti,49.8172278763928
137,2011-04-17,Ti,44.4977614177315
138,2011-04-18,Ti,54.1275956743429
139,2011-04-19,Ti,17.9762371171022
140,2011-04-20,Ti,40.2417823240256
141,2011-04-21,Ti,91.007962652429
142,2011-04-22,Ti,34.3557927564082
143,2011-04-23,Ti,26.2953594469895
144,2011-04-24,Ti,17.8743325031877
145,2011-04-25,Ti,34.4767803251999
146,2011-04-26,Ti,50.741487836423
147,2011-04-27,Ti,42.4684372643885
148,2011-03-22,V,4.71531758469144
149,2011-03-23,V,3.15697089706175
150,2011-03-24,V,3.4351524942345
151,2011-03-25,V,2.26048779318099
152,2011-03-26,V,2.61327252182072
153,2011-03-27,V,2.43122455735072
154,2011-03-28,V,3.71453992263002
155,2011-03-29,V,3.51596478893188
156,2011-03-30,V,4.71057738352112
157,2011-03-31,V,4.6582962177431
158,2011-04-01,V,4.48775014838557
159,2011-04-02,V,5.17010532694215
160,2011-04-03,V,3.44777181432711
161,2011-04-04,V,2.55354679579357
162,2011-04-05,V,3.07417052572487
163,2011-04-06,V,2.02109743106667
164,2011-04-07,V,1.91298295307764
165,2011-04-08,V,3.44318154800953
166,2011-04-09,V,4.3650895087833
167,2011-04-10,V,5.14420484142423
168,2011-04-11,V,4.02038243437675
169,2011-04-12,V,2.78526206694722
170,2011-04-13,V,4.1900272088979
171,2011-04-14,V,2.72155316728096
172,2011-04-15,V,8.57123176950711
173,2011-04-16,V,4.64574189888693
174,2011-04-17,V,5.19136347595219
175,2011-04-18,V,2.86348625461186
176,2011-04-19,V,1.34167609564492
177,2011-04-20,V,1.6665800451147
178,2011-04-21,V,3.64668446313951
179,2011-04-22,V,3.37172317206822
180,2011-04-23,V,3.09580418144937
181,2011-04-24,V,2.82741521628766
182,2011-04-25,V,2.41678424030147
183,2011-04-26,V,3.57305040539845
184,2011-04-27,V,4.95991785351855
185,2011-03-22,Cr,2.82330516530781
186,2011-03-23,Cr,1.84449355245208
187,2011-03-24,Cr,4.02481880244014
188,2011-03-25,Cr,2.46405947885966
189,2011-03-26,Cr,2.91506862590999
190,2011-03-27,Cr,2.69306580012978
191,2011-03-28,Cr,4.80462265323527
192,2011-03-29,Cr,4.89557939054286
193,2011-03-30,Cr,4.24352065169994
194,2011-03-31,Cr,0.73220434854022
195,2011-04-01,Cr,0.0607346410175639
196,2011-04-02,Cr,0.0
197,2011-04-03,Cr,0.0
198,2011-04-04,Cr,0.0
199,2011-04-05,Cr,0.11455900530414
200,2011-04-06,Cr,1.13210021661257
201,2011-04-07,Cr,0.637782417406409
202,2011-04-08,Cr,1.49147359060268
203,2011-04-09,Cr,2.71468062689084
204,2011-04-10,Cr,3.06411804416856
205,2011-04-11,Cr,3.8202526644698
206,2011-04-12,Cr,3.80696524674201
207,2011-04-13,Cr,2.28432088132618
208,2011-04-14,Cr,1.51526051466049
209,2011-04-15,Cr,5.62817006246567
210,2011-04-16,Cr,2.28243776494399
211,2011-04-17,Cr,1.9303502646901
212,2011-04-18,Cr,1.09224511883489
213,2011-04-19,Cr,0.420123035224832
214,2011-04-20,Cr,1.17576269997716
215,2011-04-21,Cr,1.90154736081916
216,2011-04-22,Cr,0.495487729026839
217,2011-04-23,Cr,0.7238033103092
218,2011-04-24,Cr,1.11024529807967
219,2011-04-25,Cr,1.07290167330666
220,2011-04-26,Cr,1.27467349420617
221,2011-04-27,Cr,1.97946329506935
222,2011-03-22,Mn,29.1891930003851
223,2011-03-23,Mn,14.3793895566775
224,2011-03-24,Mn,30.5837086394837
225,2011-03-25,Mn,16.8422328526847
226,2011-03-26,Mn,13.8471023487141
227,2011-03-27,Mn,12.8377466519844
228,2011-03-28,Mn,35.4518512162049
229,2011-03-29,Mn,32.3085493345941
230,2011-03-30,Mn,30.2282224398014
231,2011-03-31,Mn,34.4390927434565
232,2011-04-01,Mn,27.6294227156507
233,2011-04-02,Mn,22.0194470960749
234,2011-04-03,Mn,21.5035700701766
235,2011-04-04,Mn,19.2344403896767
236,2011-04-05,Mn,21.9657482526965
237,2011-04-06,Mn,9.91104724183727
238,2011-04-07,Mn,9.31771673201489
239,2011-04-08,Mn,20.9737529064998
240,2011-04-09,Mn,30.8488030356111
241,2011-04-10,Mn,36.8620643426131
242,2011-04-11,Mn,21.5398561818661
243,2011-04-12,Mn,21.9147013139812
244,2011-04-13,Mn,25.5813781395117
245,2011-04-14,Mn,15.8989261218167
246,2011-04-15,Mn,27.4990465911832
247,2011-04-16,Mn,25.896369946477
248,2011-04-17,Mn,23.5737536379863
249,2011-04-18,Mn,18.0668725518163
250,2011-04-19,Mn,8.13043407449572
251,2011-04-20,Mn,16.2518129726128
252,2011-04-21,Mn,29.5143293650533
253,2011-04-22,Mn,11.2361925266961
254,2011-04-23,Mn,12.499455639944
255,2011-04-24,Mn,12.8508739844138
256,2011-04-25,Mn,17.9863360501946
257,2011-04-26,Mn,16.280941222328
258,2011-04-27,Mn,24.628171458344
259,2011-03-22,Co,0.36023576187573
260,2011-03-23,Co,0.202556869834207
261,2011-03-24,Co,0.338641672589946
262,2011-03-25,Co,0.250306672000351
263,2011-03-26,Co,0.212594474570218
264,2011-03-27,Co,0.166302576691246
265,2011-03-28,Co,0.381414750104535
266,2011-03-29,Co,0.312379086212036
267,2011-03-30,Co,0.288812617398445
268,2011-03-31,Co,0.344785919599228
269,2011-04-01,Co,0.240946205542739
270,2011-04-02,Co,0.189547356410944
271,2011-04-03,Co,0.253208774519263
272,2011-04-04,Co,0.245385290229855
273,2011-04-05,Co,0.258006476674725
274,2011-04-06,Co,0.141632614967643
275,2011-04-07,Co,0.13167303229984
276,2011-04-08,Co,0.22941503803615
277,2011-04-09,Co,0.419415259142093
278,2011-04-10,Co,0.418308538598898
279,2011-04-11,Co,0.260270071397115
280,2011-04-12,Co,0.236349016245841
281,2011-04-13,Co,0.250007004714878
282,2011-04-14,Co,0.169055451030337
283,2011-04-15,Co,0.284682041041666
284,2011-04-16,Co,0.274774330870741
285,2011-04-17,Co,0.248604036111987
286,2011-04-18,Co,0.228045370054705
287,2011-04-19,Co,0.0761052674147632
288,2011-04-20,Co,0.167822179899506
289,2011-04-21,Co,0.354938684999091
290,2011-04-22,Co,0.146137890603585
291,2011-04-23,Co,0.123912701511961
292,2011-04-24,Co,0.109141376129793
293,2011-04-25,Co,0.168682299832105
294,2011-04-26,Co,0.225613143742256
295,2011-04-27,Co,0.260479634767417
296,2011-03-22,Ni,2.68073061030361
297,2011-03-23,Ni,2.04637573348855
298,2011-03-24,Ni,4.32769305479962
299,2011-03-25,Ni,2.99966572679809
300,2011-03-26,Ni,3.67939421974192
301,2011-03-27,Ni,3.46082685317919
302,2011-03-28,Ni,4.58046191610493
303,2011-03-29,Ni,4.45703564268753
304,2011-03-30,Ni,4.90014883848929
305,2011-03-31,Ni,4.66116697575104
306,2011-04-01,Ni,4.58474666123247
307,2011-04-02,Ni,4.3570548829563
308,2011-04-03,Ni,3.79253621746075
309,2011-04-04,Ni,3.11697826278986
310,2011-04-05,Ni,4.18064560735894
311,2011-04-06,Ni,1.33202161491674
312,2011-04-07,Ni,0.961282769665125
313,2011-04-08,Ni,1.85457952818904
314,2011-04-09,Ni,2.19148843376042
315,2011-04-10,Ni,2.77826763985861
316,2011-04-11,Ni,2.22599552159408
317,2011-04-12,Ni,2.49317498305464
318,2011-04-13,Ni,3.1118392530787
319,2011-04-14,Ni,2.16980155057604
320,2011-04-15,Ni,4.38598628033192
321,2011-04-16,Ni,2.99114846367365
322,2011-04-17,Ni,3.12190880071023
323,2011-04-18,Ni,1.93966937078106
324,2011-04-19,Ni,1.17721905045183
325,2011-04-20,Ni,1.71791062983301
326,2011-04-21,Ni,1.63293598965649
327,2011-04-22,Ni,1.23817843877999
328,2011-04-23,Ni,1.56237989446465
329,2011-04-24,Ni,1.47485993684084
330,2011-04-25,Ni,1.41222205085124
331,2011-04-26,Ni,1.76254991633641
332,2011-04-27,Ni,2.54832218874929
333,2011-03-22,Cu,5.68221001118
334,2011-03-23,Cu,4.59842948172079
335,2011-03-24,Cu,7.63928601640818
336,2011-03-25,Cu,3.50802698306205
337,2011-03-26,Cu,6.08576880740496
338,2011-03-27,Cu,5.81469172781027
339,2011-03-28,Cu,8.93003711480063
340,2011-03-29,Cu,9.69216355940053
341,2011-03-30,Cu,7.2036746993279
342,2011-03-31,Cu,11.1179288115976
343,2011-04-01,Cu,9.56832663551592
344,2011-04-02,Cu,5.53757507585566
345,2011-04-03,Cu,4.39504417556814
346,2011-04-04,Cu,4.24337750661188
347,2011-04-05,Cu,6.82985847327803
348,2011-04-06,Cu,3.25689525875519
349,2011-04-07,Cu,2.38047181786823
350,2011-04-08,Cu,3.42212863978412
351,2011-04-09,Cu,5.67945767814719
352,2011-04-10,Cu,9.83861868635349
353,2011-04-11,Cu,4.94351694683184
354,2011-04-12,Cu,5.41103860959002
355,2011-04-13,Cu,7.7036209816373
356,2011-04-14,Cu,5.75721885154631
357,2011-04-15,Cu,10.6883920001989
358,2011-04-16,Cu,7.28634863521296
359,2011-04-17,Cu,6.4574328048635
360,2011-04-18,Cu,2.38036188940063
361,2011-04-19,Cu,3.26439315965404
362,2011-04-20,Cu,4.75964977907434
363,2011-04-21,Cu,6.71263397252106
364,2011-04-22,Cu,5.44956323862257
365,2011-04-23,Cu,3.11517768306015
366,2011-04-24,Cu,5.81657439958424
367,2011-04-25,Cu,6.39085348227736
368,2011-04-26,Cu,3.6125940986901
369,2011-04-27,Cu,5.43092395908658
370,2011-03-22,Zn,67.1502324886457
371,2011-03-23,Zn,73.1774624386783
372,2011-03-24,Zn,88.7248091866901
373,2011-03-25,Zn,34.162464697687
374,2011-03-26,Zn,37.4710830516745
375,2011-03-27,Zn,53.6799665864754
376,2011-03-28,Zn,120.211812595922
377,2011-03-29,Zn,142.996810418371
378,2011-03-30,Zn,151.492612527976
379,2011-03-31,Zn,144.314350029938
380,2011-04-01,Zn,110.240714120394
381,2011-04-02,Zn,66.2415164106662
382,2011-04-03,Zn,49.8300823998024
383,2011-04-04,Zn,34.5979448989356
384,2011-04-05,Zn,42.5128603717118
385,2011-04-06,Zn,19.6643570760456
386,2011-04-07,Zn,22.0270084880818
387,2011-04-08,Zn,30.0305905491268
388,2011-04-09,Zn,58.5889488330054
389,2011-04-10,Zn,112.049218029012
390,2011-04-11,Zn,60.5495519381945
391,2011-04-12,Zn,64.3630697818241
392,2011-04-13,Zn,132.015416781686
393,2011-04-14,Zn,81.9688934404067
394,2011-04-15,Zn,130.903517841122
395,2011-04-16,Zn,97.8537631494854
396,2011-04-17,Zn,87.9115842255703
397,2011-04-18,Zn,24.808358426503
398,2011-04-19,Zn,23.1364753336536
399,2011-04-20,Zn,50.6876561944297
400,2011-04-21,Zn,56.5296014437042
401,2011-04-22,Zn,57.7091184155396
402,2011-04-23,Zn,42.9792129055789
403,2011-04-24,Zn,70.1399496354423
404,2011-04-25,Zn,91.3229084459611
405,2011-04-26,Zn,28.0770474662713
406,2011-04-27,Zn,86.5105371241631
407,2011-03-22,Ga,0.631077900961598
408,2011-03-23,Ga,0.310389429707391
409,2011-03-24,Ga,0.518099966977327
410,2011-03-25,Ga,0.321625902952588
411,2011-03-26,Ga,0.333963475403485
412,2011-03-27,Ga,0.270146029406814
413,2011-03-28,Ga,0.837283519679586
414,2011-03-29,Ga,1.24013908325836
415,2011-03-30,Ga,0.768756186847068
416,2011-03-31,Ga,0.774686913841855
417,2011-04-01,Ga,0.603087179922381
418,2011-04-02,Ga,0.435590292182203
419,2011-04-03,Ga,0.432530897673755
420,2011-04-04,Ga,0.287827000726629
421,2011-04-05,Ga,0.269895222717482
422,2011-04-06,Ga,0.161183145392008
423,2011-04-07,Ga,0.154615354483682
424,2011-04-08,Ga,0.396244805996874
425,2011-04-09,Ga,0.630578058484345
426,2011-04-10,Ga,0.745857909962967
427,2011-04-11,Ga,0.494464951942628
428,2011-04-12,Ga,0.405564714657683
429,2011-04-13,Ga,0.631738933435462
430,2011-04-14,Ga,0.348091297477643
431,2011-04-15,Ga,0.675852923231016
432,2011-04-16,Ga,0.668455791383505
433,2011-04-17,Ga,0.641834391938551
434,2011-04-18,Ga,0.35493028039765
435,2011-04-19,Ga,0.0894079597752095
436,2011-04-20,Ga,0.225613585454609
437,2011-04-21,Ga,0.537084001562966
438,2011-04-22,Ga,0.238181039157275
439,2011-04-23,Ga,0.290499494520712
440,2011-04-24,Ga,0.375388527345674
441,2011-04-25,Ga,0.424027170719895
442,2011-04-26,Ga,0.310257272585574
443,2011-04-27,Ga,0.575171009082169
444,2011-03-22,Ge,0.0
445,2011-03-23,Ge,0.0
446,2011-03-24,Ge,0.560966285044854
447,2011-03-25,Ge,0.421241490222287
448,2011-03-26,Ge,0.420248970889612
449,2011-03-27,Ge,0.484827237763215
450,2011-03-28,Ge,0.642284167237019
451,2011-03-29,Ge,0.631342591538891
452,2011-03-30,Ge,0.761432036076721
453,2011-03-31,Ge,0.553203205946643
454,2011-04-01,Ge,0.784916337745275
455,2011-04-02,Ge,0.72618246487186
456,2011-04-03,Ge,0.426947391478953
457,2011-04-04,Ge,0.475942339309877
458,2011-04-05,Ge,0.64377683778016
459,2011-04-06,Ge,0.251521797714061
460,2011-04-07,Ge,0.142816270111369
461,2011-04-08,Ge,0.272603689354507
462,2011-04-09,Ge,0.283985759156325
463,2011-04-10,Ge,0.18646531773405
464,2011-04-11,Ge,0.279326244468399
465,2011-04-12,Ge,0.0
466,2011-04-13,Ge,0.0
467,2011-04-14,Ge,0.0
468,2011-04-15,Ge,0.0
469,2011-04-16,Ge,0.0244381227966668
470,2011-04-17,Ge,0.0
471,2011-04-18,Ge,0.0
472,2011-04-19,Ge,0.0
473,2011-04-20,Ge,0.0
474,2011-04-21,Ge,0.21379610960263
475,2011-04-22,Ge,0.0340693152493989
476,2011-04-23,Ge,0.0
477,2011-04-24,Ge,0.014099923370959
478,2011-04-25,Ge,0.118422998726419
479,2011-04-26,Ge,0.0965524675307808
480,2011-04-27,Ge,0.0
481,2011-03-22,As,3.41117907671064
482,2011-03-23,As,2.01675645062613
483,2011-03-24,As,2.75600793980111
484,2011-03-25,As,0.942744290788613
485,2011-03-26,As,2.74885801083747
486,2011-03-27,As,2.07414846174964
487,2011-03-28,As,5.88992133604216
488,2011-03-29,As,5.33314626060006
489,2011-03-30,As,3.2296548017321
490,2011-03-31,As,5.32094476207029
491,2011-04-01,As,3.93557648855169
492,2011-04-02,As,2.96095354409505
493,2011-04-03,As,2.33457944997575
494,2011-04-04,As,1.7532675759722
495,2011-04-05,As,1.53842810725108
496,2011-04-06,As,0.393867940513316
497,2011-04-07,As,0.616574244908484
498,2011-04-08,As,1.10468435288968
499,2011-04-09,As,2.61558341836109
500,2011-04-10,As,3.21278415794685
501,2011-04-11,As,3.0416162153858
502,2011-04-12,As,2.49696595552894
503,2011-04-13,As,4.51792345332985
504,2011-04-14,As,1.50590355431941
505,2011-04-15,As,5.30804681945061
506,2011-04-16,As,5.06168023758183
507,2011-04-17,As,4.4838138813863
508,2011-04-18,As,0.690782507136443
509,2011-04-19,As,0.515025886451595
510,2011-04-20,As,1.34983722881438
511,2011-04-21,As,2.17548990471253
512,2011-04-22,As,1.0886017999581
513,2011-04-23,As,1.52872569878732
514,2011-04-24,As,1.95301138630474
515,2011-04-25,As,2.58021371410029
516,2011-04-26,As,1.31821558137496
517,2011-04-27,As,2.81535067431002
518,2011-03-22,Se,0.770240791898398
519,2011-03-23,Se,0.356190036563242
520,2011-03-24,Se,0.795505037269594
521,2011-03-25,Se,0.328196812498016
522,2011-03-26,Se,0.520646466381814
523,2011-03-27,Se,0.448364822766658
524,2011-03-28,Se,1.52806521692858
525,2011-03-29,Se,0.964413675030497
526,2011-03-30,Se,1.00786474515258
527,2011-03-31,Se,1.69078042770147
528,2011-04-01,Se,0.979548464478698
529,2011-04-02,Se,0.754064979116138
530,2011-04-03,Se,1.00121530865907
531,2011-04-04,Se,0.526217570109176
532,2011-04-05,Se,0.513989941240534
533,2011-04-06,Se,0.301846865581166
534,2011-04-07,Se,0.390324811019648
535,2011-04-08,Se,0.688772856955426
536,2011-04-09,Se,0.980405971318882
537,2011-04-10,Se,1.61192734335528
538,2011-04-11,Se,0.931297286787313
539,2011-04-12,Se,0.877892057530879
540,2011-04-13,Se,1.47683654818169
541,2011-04-14,Se,0.858736964905358
542,2011-04-15,Se,0.588452149857287
543,2011-04-16,Se,0.760690994785072
544,2011-04-17,Se,0.526333901949163
545,2011-04-18,Se,0.366948090962184
546,2011-04-19,Se,0.348747349562445
547,2011-04-20,Se,0.520106596837862
548,2011-04-21,Se,0.84960241469788
549,2011-04-22,Se,0.567028200379639
550,2011-04-23,Se,0.638295955251547
551,2011-04-24,Se,0.180717507600504
552,2011-04-25,Se,0.742593401184752
553,2011-04-26,Se,0.653245891971682
554,2011-04-27,Se,1.10337045740398
555,2011-03-22,Rb,2.47588555736306
556,2011-03-23,Rb,0.974352636362553
557,2011-03-24,Rb,1.75587208980527
558,2011-03-25,Rb,1.23605458430872
559,2011-03-26,Rb,1.03510571307329
560,2011-03-27,Rb,0.823738692541726
561,2011-03-28,Rb,2.47488898706469
562,2011-03-29,Rb,2.53572818819157
563,2011-03-30,Rb,2.36554183964438
564,2011-03-31,Rb,2.95950078496608
565,2011-04-01,Rb,2.25753521518469
566,2011-04-02,Rb,1.63258911618018
567,2011-04-03,Rb,1.46041874783973
568,2011-04-04,Rb,0.910530439215715
569,2011-04-05,Rb,0.885362022884567
570,2011-04-06,Rb,0.569068802738495
571,2011-04-07,Rb,0.55259438562104
572,2011-04-08,Rb,1.34266614160903
573,2011-04-09,Rb,3.09221726464384
574,2011-04-10,Rb,3.2384009788722
575,2011-04-11,Rb,1.90711617553464
576,2011-04-12,Rb,1.84694497421901
577,2011-04-13,Rb,2.98619683231363
578,2011-04-14,Rb,1.42186029258707
579,2011-04-15,Rb,2.55925656613412
580,2011-04-16,Rb,2.52411208096313
581,2011-04-17,Rb,2.29202812625882
582,2011-04-18,Rb,1.54747601203139
583,2011-04-19,Rb,0.378074564801796
584,2011-04-20,Rb,1.01116430103488
585,2011-04-21,Rb,2.24420299171544
586,2011-04-22,Rb,0.776161871167386
587,2011-04-23,Rb,1.15329721221082
588,2011-04-24,Rb,1.44484779193648
589,2011-04-25,Rb,1.74762855523856
590,2011-04-26,Rb,1.21311149617031
591,2011-04-27,Rb,2.05428269655622
592,2011-03-22,Sr,6.14703632395488
593,2011-03-23,Sr,2.2493631402052
594,2011-03-24,Sr,4.0176365414965
595,2011-03-25,Sr,2.69677480128479
596,2011-03-26,Sr,1.69182474833067
597,2011-03-27,Sr,1.17685620934176
598,2011-03-28,Sr,4.79193625530333
599,2011-03-29,Sr,3.32783639334246
600,2011-03-30,Sr,3.15194683933267
601,2011-03-31,Sr,4.00787182038601
602,2011-04-01,Sr,2.58527243166308
603,2011-04-02,Sr,2.26653274942563
604,2011-04-03,Sr,2.65796388518932
605,2011-04-04,Sr,2.41081711672058
606,2011-04-05,Sr,2.28798044622677
607,2011-04-06,Sr,2.35820848630977
608,2011-04-07,Sr,2.66637937480772
609,2011-04-08,Sr,3.67198471891213
610,2011-04-09,Sr,7.3982494744642
611,2011-04-10,Sr,6.25788452286905
612,2011-04-11,Sr,4.23434529352078
613,2011-04-12,Sr,3.46595935625675
614,2011-04-13,Sr,3.59867521033287
615,2011-04-14,Sr,2.73404627665863
616,2011-04-15,Sr,3.6769119758296
617,2011-04-16,Sr,3.71372740945044
618,2011-04-17,Sr,3.71018877502253
619,2011-04-18,Sr,3.36035425182436
620,2011-04-19,Sr,1.05436442929725
621,2011-04-20,Sr,2.30061241650142
622,2011-04-21,Sr,5.31310237942098
623,2011-04-22,Sr,2.19682813638037
624,2011-04-23,Sr,1.75996979078572
625,2011-04-24,Sr,1.43659273240832
626,2011-04-25,Sr,2.59595842033176
627,2011-04-26,Sr,4.11792354024782
628,2011-04-27,Sr,3.99361088336695
629,2011-03-22,Y,0.476995961858713
630,2011-03-23,Y,0.364208945450054
631,2011-03-24,Y,0.0
632,2011-03-25,Y,0.0
633,2011-03-26,Y,0.0
634,2011-03-27,Y,0.0
635,2011-03-28,Y,0.0
636,2011-03-29,Y,0.0
637,2011-03-30,Y,0.0
638,2011-03-31,Y,0.0882661942227639
639,2011-04-01,Y,0.0
640,2011-04-02,Y,0.0
641,2011-04-03,Y,0.0515548580512982
642,2011-04-04,Y,0.0
643,2011-04-05,Y,0.0768555554554602
644,2011-04-06,Y,0.33695524422756
645,2011-04-07,Y,0.271418155689832
646,2011-04-08,Y,0.329236635510614
647,2011-04-09,Y,0.549062279781937
648,2011-04-10,Y,0.506097196434224
649,2011-04-11,Y,0.426890505496734
650,2011-04-12,Y,0.0732606058945144
651,2011-04-13,Y,0.0626103581936313
652,2011-04-14,Y,0.0
653,2011-04-15,Y,0.00335788244309595
654,2011-04-16,Y,0.00975005954962034
655,2011-04-17,Y,0.0
656,2011-04-18,Y,0.404360678128514
657,2011-04-19,Y,0.0
658,2011-04-20,Y,0.067470382351756
659,2011-04-21,Y,0.49073279964034
660,2011-04-22,Y,0.089990335498132
661,2011-04-23,Y,0.104483406731161
662,2011-04-24,Y,0.0598599876197943
663,2011-04-25,Y,0.0993327053627068
664,2011-04-26,Y,0.355730409104973
665,2011-04-27,Y,0.25015623976604
666,2011-03-22,Zr,3.15164601775772
667,2011-03-23,Zr,3.02166331970679
668,2011-03-24,Zr,0.0
669,2011-03-25,Zr,0.0
670,2011-03-26,Zr,0.0
671,2011-03-27,Zr,0.0
672,2011-03-28,Zr,0.0
673,2011-03-29,Zr,0.0
674,2011-03-30,Zr,0.0
675,2011-03-31,Zr,12.3154966104171
676,2011-04-01,Zr,10.1967448278928
677,2011-04-02,Zr,9.67820812065969
678,2011-04-03,Zr,11.5826670908588
679,2011-04-04,Zr,9.51569857524218
680,2011-04-05,Zr,11.0600900523302
681,2011-04-06,Zr,1.77049534846544
682,2011-04-07,Zr,0.931046226027773
683,2011-04-08,Zr,1.50932774498345
684,2011-04-09,Zr,3.23701841347363
685,2011-04-10,Zr,4.0410698626338
686,2011-04-11,Zr,1.59374786689258
687,2011-04-12,Zr,1.88672448252911
688,2011-04-13,Zr,2.04482874186769
689,2011-04-14,Zr,1.52585352587053
690,2011-04-15,Zr,0.669235564858866
691,2011-04-16,Zr,1.32676676503504
692,2011-04-17,Zr,1.14832707096979
693,2011-04-18,Zr,1.18295302399721
694,2011-04-19,Zr,0.455764430713987
695,2011-04-20,Zr,2.59188738150269
696,2011-04-21,Zr,18.5236782062365
697,2011-04-22,Zr,15.3995341195658
698,2011-04-23,Zr,15.8371191970087
699,2011-04-24,Zr,14.6502680185298
700,2011-04-25,Zr,15.4425158772933
701,2011-04-26,Zr,17.0313486885901
702,2011-04-27,Zr,16.0058730426881
703,2011-03-22,Nb,0.44434086502214
704,2011-03-23,Nb,0.279128873042639
705,2011-03-24,Nb,0.549903080343238
706,2011-03-25,Nb,0.436152732112644
707,2011-03-26,Nb,0.301754819548706
708,2011-03-27,Nb,0.278816200834445
709,2011-03-28,Nb,0.595823965611637
710,2011-03-29,Nb,0.412884181642414
711,2011-03-30,Nb,0.479245640798748
712,2011-03-31,Nb,0.713996442107796
713,2011-04-01,Nb,0.454862775747834
714,2011-04-02,Nb,0.4167327150183
715,2011-04-03,Nb,0.527745077513848
716,2011-04-04,Nb,0.496586858312267
717,2011-04-05,Nb,0.674554548441591
718,2011-04-06,Nb,0.180574929856498
719,2011-04-07,Nb,0.144839038852734
720,2011-04-08,Nb,0.312705625290856
721,2011-04-09,Nb,0.773638507979827
722,2011-04-10,Nb,0.644257055614593
723,2011-04-11,Nb,0.39135747923562
724,2011-04-12,Nb,0.440347852387398
725,2011-04-13,Nb,0.344035104663445
726,2011-04-14,Nb,0.232522395613497
727,2011-04-15,Nb,0.31044826541845
728,2011-04-16,Nb,0.41801542933585
729,2011-04-17,Nb,0.360841181175444
730,2011-04-18,Nb,0.408646526125873
731,2011-04-19,Nb,0.089592157799732
732,2011-04-20,Nb,0.326531991908986
733,2011-04-21,Nb,0.825803004185411
734,2011-04-22,Nb,0.36115255899191
735,2011-04-23,Nb,0.411150260134901
736,2011-04-24,Nb,0.28782719382147
737,2011-04-25,Nb,0.418401681441646
738,2011-04-26,Nb,0.538727790413781
739,2011-04-27,Nb,0.543105570578264
740,2011-03-22,Mo,2.53987646636931
741,2011-03-23,Mo,5.2780476042206
742,2011-03-24,Mo,0.267623249622354
743,2011-03-25,Mo,0.0
744,2011-03-26,Mo,0.306834639503229
745,2011-03-27,Mo,0.0
746,2011-03-28,Mo,1.92183646160884
747,2011-03-29,Mo,1.1473287163631
748,2011-03-30,Mo,3.44258383278858
749,2011-03-31,Mo,2.14371957898315
750,2011-04-01,Mo,1.11025614741389
751,2011-04-02,Mo,0.561561099821769
752,2011-04-03,Mo,1.91753639810593
753,2011-04-04,Mo,0.0
754,2011-04-05,Mo,3.0551614024324
755,2011-04-06,Mo,3.58461078623171
756,2011-04-07,Mo,1.24464933251868
757,2011-04-08,Mo,2.17983297264295
758,2011-04-09,Mo,2.55021444617257
759,2011-04-10,Mo,2.50102760577179
760,2011-04-11,Mo,3.10704212424271
761,2011-04-12,Mo,0.44472473150366
762,2011-04-13,Mo,1.60150139643992
763,2011-04-14,Mo,1.059492392661
764,2011-04-15,Mo,1.1420171894612
765,2011-04-16,Mo,0.268775832940392
766,2011-04-17,Mo,0.350983246523432
767,2011-04-18,Mo,1.82835128907452
768,2011-04-19,Mo,0.0
769,2011-04-20,Mo,1.55849774794187
770,2011-04-21,Mo,2.61981675701929
771,2011-04-22,Mo,0.0
772,2011-04-23,Mo,1.24487746610137
773,2011-04-24,Mo,0.0
774,2011-04-25,Mo,0.0
775,2011-04-26,Mo,2.91840537710776
776,2011-04-27,Mo,0.633477359777697
777,2011-03-22,Cd,0.659715997852945
778,2011-03-23,Cd,0.311162194755929
779,2011-03-24,Cd,0.390331493615546
780,2011-03-25,Cd,0.159711148211924
781,2011-03-26,Cd,0.403055518642386
782,2011-03-27,Cd,0.315596675059567
783,2011-03-28,Cd,0.773503912847601
784,2011-03-29,Cd,1.10888343307197
785,2011-03-30,Cd,0.557559336218516
786,2011-03-31,Cd,0.727968243490368
787,2011-04-01,Cd,0.639307730739516
788,2011-04-02,Cd,0.501527696174257
789,2011-04-03,Cd,0.506498555454986
790,2011-04-04,Cd,0.260353161353829
791,2011-04-05,Cd,0.303104527176668
792,2011-04-06,Cd,0.123560184722691
793,2011-04-07,Cd,0.0877308761457613
794,2011-04-08,Cd,0.326135581282155
795,2011-04-09,Cd,0.441089638977895
796,2011-04-10,Cd,0.649651251455001
797,2011-04-11,Cd,0.423709645012256
798,2011-04-12,Cd,0.355139331783509
799,2011-04-13,Cd,1.10916408737889
800,2011-04-14,Cd,0.491350038364546
801,2011-04-15,Cd,1.13045332760932
802,2011-04-16,Cd,0.888305827996719
803,2011-04-17,Cd,0.883368360521138
804,2011-04-18,Cd,0.149040694185779
805,2011-04-19,Cd,0.153757031497224
806,2011-04-20,Cd,0.195020877587349
807,2011-04-21,Cd,0.307782542177576
808,2011-04-22,Cd,0.444377392814069
809,2011-04-23,Cd,0.28806301813678
810,2011-04-24,Cd,0.401018929001465
811,2011-04-25,Cd,0.360790070103754
812,2011-04-26,Cd,0.159723472333493
813,2011-04-27,Cd,0.477126862490094
814,2011-03-22,Sn,1.27772972561695
815,2011-03-23,Sn,0.837239413636664
816,2011-03-24,Sn,1.58191841701825
817,2011-03-25,Sn,0.764160454290153
818,2011-03-26,Sn,1.23589303860058
819,2011-03-27,Sn,1.15074384849777
820,2011-03-28,Sn,2.40027747152831
821,2011-03-29,Sn,3.01839534773733
822,2011-03-30,Sn,1.95481346157001
823,2011-03-31,Sn,2.6753118903263
824,2011-04-01,Sn,2.43008495455994
825,2011-04-02,Sn,1.72041750630911
826,2011-04-03,Sn,1.17974877708907
827,2011-04-04,Sn,0.810021483510148
828,2011-04-05,Sn,1.49001755956431
829,2011-04-06,Sn,0.986137070439352
830,2011-04-07,Sn,0.574380770371153
831,2011-04-08,Sn,0.962205236958653
832,2011-04-09,Sn,1.42031105061428
833,2011-04-10,Sn,2.32280206479449
834,2011-04-11,Sn,1.24152881645873
835,2011-04-12,Sn,0.999038451152146
836,2011-04-13,Sn,2.16849647637708
837,2011-04-14,Sn,1.65048982182202
838,2011-04-15,Sn,3.88263476808049
839,2011-04-16,Sn,2.49606743569023
840,2011-04-17,Sn,2.43678364816319
841,2011-04-18,Sn,0.534670189133851
842,2011-04-19,Sn,0.51002742187705
843,2011-04-20,Sn,0.89917927841771
844,2011-04-21,Sn,1.55762979144672
845,2011-04-22,Sn,2.08476337902938
846,2011-04-23,Sn,0.866541884695873
847,2011-04-24,Sn,1.2886468279659
848,2011-04-25,Sn,1.58454327029139
849,2011-04-26,Sn,0.987748025891874
850,2011-04-27,Sn,1.50320791817726
851,2011-03-22,Sb,1.13238233120224
852,2011-03-23,Sb,0.952620346002792
853,2011-03-24,Sb,1.84253643944627
854,2011-03-25,Sb,0.746565657911531
855,2011-03-26,Sb,1.32248240967072
856,2011-03-27,Sb,1.20032751959508
857,2011-03-28,Sb,2.41915969282999
858,2011-03-29,Sb,2.80665737541357
859,2011-03-30,Sb,2.00581503453687
860,2011-03-31,Sb,2.58191908451182
861,2011-04-01,Sb,2.75293290744976
862,2011-04-02,Sb,1.23048444527434
863,2011-04-03,Sb,0.931962401148922
864,2011-04-04,Sb,0.617850310817086
865,2011-04-05,Sb,1.4899211372396
866,2011-04-06,Sb,0.617481682931231
867,2011-04-07,Sb,0.549032782521633
868,2011-04-08,Sb,0.917410993690817
869,2011-04-09,Sb,1.50587667589704
870,2011-04-10,Sb,2.68740095841403
871,2011-04-11,Sb,1.45885928273136
872,2011-04-12,Sb,1.5087124589441
873,2011-04-13,Sb,2.11178483895944
874,2011-04-14,Sb,2.33344673388288
875,2011-04-15,Sb,3.00992687748974
876,2011-04-16,Sb,2.45348001559459
877,2011-04-17,Sb,2.02481328442311
878,2011-04-18,Sb,0.388465441346412
879,2011-04-19,Sb,0.871516515172345
880,2011-04-20,Sb,1.38422345864629
881,2011-04-21,Sb,1.68583690809817
882,2011-04-22,Sb,6.86127628632418
883,2011-04-23,Sb,0.880773770652808
884,2011-04-24,Sb,1.52700006695639
885,2011-04-25,Sb,1.35678796943577
886,2011-04-26,Sb,0.667968183273127
887,2011-04-27,Sb,1.27259124682606
888,2011-03-22,Cs,0.339479841808089
889,2011-03-23,Cs,0.138546918198081
890,2011-03-24,Cs,0.238512348176235
891,2011-03-25,Cs,0.160064102075168
892,2011-03-26,Cs,0.144352035247989
893,2011-03-27,Cs,0.132164782891527
894,2011-03-28,Cs,0.380509536974653
895,2011-03-29,Cs,0.431095840575609
896,2011-03-30,Cs,0.415068073675861
897,2011-03-31,Cs,0.482239155865425
898,2011-04-01,Cs,0.373490814233816
899,2011-04-02,Cs,0.258882912728194
900,2011-04-03,Cs,0.243562000789908
901,2011-04-04,Cs,0.168589576612499
902,2011-04-05,Cs,0.120616162906861
903,2011-04-06,Cs,0.0618329131737149
904,2011-04-07,Cs,0.0521621117936615
905,2011-04-08,Cs,0.164503904755279
906,2011-04-09,Cs,0.418512128312609
907,2011-04-10,Cs,0.481571048257452
908,2011-04-11,Cs,0.252334417431959
909,2011-04-12,Cs,0.21189264015285
910,2011-04-13,Cs,0.483397136148246
911,2011-04-14,Cs,0.189321637920006
912,2011-04-15,Cs,0.411377330401495
913,2011-04-16,Cs,0.328126440033955
914,2011-04-17,Cs,0.311436710395337
915,2011-04-18,Cs,0.171741340055294
916,2011-04-19,Cs,0.0375287109442282
917,2011-04-20,Cs,0.093712967459932
918,2011-04-21,Cs,0.23102598348713
919,2011-04-22,Cs,0.0853247355838887
920,2011-04-23,Cs,0.159836692569208
921,2011-04-24,Cs,0.252726195514177
922,2011-04-25,Cs,0.259978458989229
923,2011-04-26,Cs,0.128973833267537
924,2011-04-27,Cs,0.282855758520131
925,2011-03-22,Ba,13.9525868962692
926,2011-03-23,Ba,8.97411507822253
927,2011-03-24,Ba,12.8883186920773
928,2011-03-25,Ba,8.26207545140637
929,2011-03-26,Ba,6.95528222827286
930,2011-03-27,Ba,6.98859101855503
931,2011-03-28,Ba,19.3932151914144
932,2011-03-29,Ba,11.153547559678
933,2011-03-30,Ba,11.8822767518591
934,2011-03-31,Ba,13.8359211032689
935,2011-04-01,Ba,9.29307431068423
936,2011-04-02,Ba,5.35575729884315
937,2011-04-03,Ba,6.62758374989984
938,2011-04-04,Ba,5.03631695095634
939,2011-04-05,Ba,7.93771785879047
940,2011-04-06,Ba,8.92115868149242
941,2011-04-07,Ba,5.31268178680629
942,2011-04-08,Ba,8.83359829536475
943,2011-04-09,Ba,17.6154175424073
944,2011-04-10,Ba,19.8764261901623
945,2011-04-11,Ba,12.2307649833053
946,2011-04-12,Ba,11.4223196681442
947,2011-04-13,Ba,23.4770207953988
948,2011-04-14,Ba,8.72505205359415
949,2011-04-15,Ba,10.2942656880565
950,2011-04-16,Ba,9.9221423216017
951,2011-04-17,Ba,9.08897696099539
952,2011-04-18,Ba,8.84411703998723
953,2011-04-19,Ba,4.20298715944276
954,2011-04-20,Ba,8.19768314200596
955,2011-04-21,Ba,15.3123918546226
956,2011-04-22,Ba,4.91739722549085
957,2011-04-23,Ba,6.04964294738609
958,2011-04-24,Ba,7.79399512855824
959,2011-04-25,Ba,8.48111453553567
960,2011-04-26,Ba,9.52480141437158
961,2011-04-27,Ba,10.6969971239048
962,2011-03-22,La,0.767385329873454
963,2011-03-23,La,0.333742256081783
964,2011-03-24,La,0.629277232696689
965,2011-03-25,La,0.282884824325978
966,2011-03-26,La,0.263818940447602
967,2011-03-27,La,0.139026537998592
968,2011-03-28,La,0.684222974198977
969,2011-03-29,La,0.372315681061948
970,2011-03-30,La,0.414240819021031
971,2011-03-31,La,0.593475833644487
972,2011-04-01,La,0.366482312197214
973,2011-04-02,La,0.275649667131296
974,2011-04-03,La,0.36525965804485
975,2011-04-04,La,0.240424599627631
976,2011-04-05,La,0.289449227089949
977,2011-04-06,La,0.243681994344373
978,2011-04-07,La,0.231161461135763
979,2011-04-08,La,0.49443662330804
980,2011-04-09,La,0.932706045624582
981,2011-04-10,La,0.942416691994255
982,2011-04-11,La,0.538441181484716
983,2011-04-12,La,0.528460546233438
984,2011-04-13,La,0.573162930281484
985,2011-04-14,La,0.33465782233568
986,2011-04-15,La,0.475991349048663
987,2011-04-16,La,0.583081111208446
988,2011-04-17,La,0.577573634855548
989,2011-04-18,La,0.501185541225263
990,2011-04-19,La,0.145764652811352
991,2011-04-20,La,0.333027466747406
992,2011-04-21,La,0.704014896110119
993,2011-04-22,La,0.249601959405617
994,2011-04-23,La,0.320479199169856
995,2011-04-24,La,0.246744849724706
996,2011-04-25,La,0.458273231109976
997,2011-04-26,La,0.472279670629418
998,2011-04-27,La,0.661857353373072
999,2011-03-22,Ce,1.4687479770054
1000,2011-03-23,Ce,0.620500958481182
1001,2011-03-24,Ce,1.11002163020914
1002,2011-03-25,Ce,0.654210143737078
1003,2011-03-26,Ce,0.350867095652238
1004,2011-03-27,Ce,0.201280821931336
1005,2011-03-28,Ce,1.30741712114248
1006,2011-03-29,Ce,0.692577412659
1007,2011-03-30,Ce,0.933881924053542
1008,2011-03-31,Ce,1.03410117324736
1009,2011-04-01,Ce,0.625648221588152
1010,2011-04-02,Ce,0.461613440059864
1011,2011-04-03,Ce,0.714949411291129
1012,2011-04-04,Ce,0.628650772048557
1013,2011-04-05,Ce,0.525876387494802
1014,2011-04-06,Ce,0.518920795955511
1015,2011-04-07,Ce,0.839717932240627
1016,2011-04-08,Ce,0.958177303814517
1017,2011-04-09,Ce,1.86838225579986
1018,2011-04-10,Ce,1.87857421767909
1019,2011-04-11,Ce,1.04208256447253
1020,2011-04-12,Ce,1.18965470666181
1021,2011-04-13,Ce,0.971832339899938
1022,2011-04-14,Ce,0.616146152070587
1023,2011-04-15,Ce,0.904689459430205
1024,2011-04-16,Ce,0.972854952422451
1025,2011-04-17,Ce,0.944968624597794
1026,2011-04-18,Ce,0.905906451937856
1027,2011-04-19,Ce,0.40233597269777
1028,2011-04-20,Ce,0.610350584591812
1029,2011-04-21,Ce,1.39137697163878
1030,2011-04-22,Ce,0.575124912505776
1031,2011-04-23,Ce,0.562795135796138
1032,2011-04-24,Ce,0.548719428495986
1033,2011-04-25,Ce,0.7750700122353
1034,2011-04-26,Ce,1.0047306460397
1035,2011-04-27,Ce,1.22242857997284
1036,2011-03-22,Pr,0.166593320310949
1037,2011-03-23,Pr,0.0746493114311772
1038,2011-03-24,Pr,0.110990458119089
1039,2011-03-25,Pr,0.0605689498200565
1040,2011-03-26,Pr,0.0330962059596839
1041,2011-03-27,Pr,0.0129587676149933
1042,2011-03-28,Pr,0.136558970035331
1043,2011-03-29,Pr,0.0590097831018182
1044,2011-03-30,Pr,0.0713485528109407
1045,2011-03-31,Pr,0.0995976249046247
1046,2011-04-01,Pr,0.0531676644170812
1047,2011-04-02,Pr,0.0418999923513979
1048,2011-04-03,Pr,0.0672689029053528
1049,2011-04-04,Pr,0.0563419959113294
1050,2011-04-05,Pr,0.0582460256876488
1051,2011-04-06,Pr,0.0563500516802815
1052,2011-04-07,Pr,0.0527275919004399
1053,2011-04-08,Pr,0.108033862554367
1054,2011-04-09,Pr,0.216556311930925
1055,2011-04-10,Pr,0.194423843818432
1056,2011-04-11,Pr,0.118943005302077
1057,2011-04-12,Pr,0.0921457854717632
1058,2011-04-13,Pr,0.0817972146905394
1059,2011-04-14,Pr,0.0505373581963311
1060,2011-04-15,Pr,0.0695251341576569
1061,2011-04-16,Pr,0.0837421066913746
1062,2011-04-17,Pr,0.0798917479628135
1063,2011-04-18,Pr,0.0938705229383888
1064,2011-04-19,Pr,0.0147591334457643
1065,2011-04-20,Pr,0.0551630068270691
1066,2011-04-21,Pr,0.147318154617359
1067,2011-04-22,Pr,0.0475125045276732
1068,2011-04-23,Pr,0.0510724042531049
1069,2011-04-24,Pr,0.031641443987667
1070,2011-04-25,Pr,0.0598594582199077
1071,2011-04-26,Pr,0.095994019155181
1072,2011-04-27,Pr,0.115665274490757
1073,2011-03-22,Nd,0.559863530754416
1074,2011-03-23,Nd,0.236174026415881
1075,2011-03-24,Nd,0.333443626437569
1076,2011-03-25,Nd,0.185411691199507
1077,2011-03-26,Nd,0.0964388382874153
1078,2011-03-27,Nd,0.0200158191772071
1079,2011-03-28,Nd,0.430358682653911
1080,2011-03-29,Nd,0.170243899520658
1081,2011-03-30,Nd,0.209929515461432
1082,2011-03-31,Nd,0.267279150460427
1083,2011-04-01,Nd,0.12022284409691
1084,2011-04-02,Nd,0.0846366862656817
1085,2011-04-03,Nd,0.197147555624252
1086,2011-04-04,Nd,0.147934482879283
1087,2011-04-05,Nd,0.131212216829208
1088,2011-04-06,Nd,0.200316797219994
1089,2011-04-07,Nd,0.187748067683826
1090,2011-04-08,Nd,0.365201798975806
1091,2011-04-09,Nd,0.714408672712263
1092,2011-04-10,Nd,0.640341207858608
1093,2011-04-11,Nd,0.408346728526738
1094,2011-04-12,Nd,0.362271422890005
1095,2011-04-13,Nd,0.319218638730109
1096,2011-04-14,Nd,0.212828961415848
1097,2011-04-15,Nd,0.269989756615504
1098,2011-04-16,Nd,0.321497047671533
1099,2011-04-17,Nd,0.298347264037786
1100,2011-04-18,Nd,0.371625433367031
1101,2011-04-19,Nd,0.0797605656365258
1102,2011-04-20,Nd,0.220761970438587
1103,2011-04-21,Nd,0.547241589096555
1104,2011-04-22,Nd,0.179654868056263
1105,2011-04-23,Nd,0.191385591039246
1106,2011-04-24,Nd,0.117973246841295
1107,2011-04-25,Nd,0.220749909811922
1108,2011-04-26,Nd,0.353506264818568
1109,2011-04-27,Nd,0.402470059147706
1110,2011-03-22,Sm,0.126373908404429
1111,2011-03-23,Sm,0.0596769567254685
1112,2011-03-24,Sm,0.0349805355385167
1113,2011-03-25,Sm,0.00467084871537406
1114,2011-03-26,Sm,0.0
1115,2011-03-27,Sm,0.0
1116,2011-03-28,Sm,0.0458879220041595
1117,2011-03-29,Sm,0.0071947267198095
1118,2011-03-30,Sm,0.0186360959427966
1119,2011-03-31,Sm,0.0290348562662162
1120,2011-04-01,Sm,0.0
1121,2011-04-02,Sm,0.0
1122,2011-04-03,Sm,0.0114466613595232
1123,2011-04-04,Sm,0.0
1124,2011-04-05,Sm,0.0
1125,2011-04-06,Sm,0.0542468410998719
1126,2011-04-07,Sm,0.0485467824263684
1127,2011-04-08,Sm,0.081531429161112
1128,2011-04-09,Sm,0.147409942134237
1129,2011-04-10,Sm,0.134862393565876
1130,2011-04-11,Sm,0.0948526276263167
1131,2011-04-12,Sm,0.0760358088502952
1132,2011-04-13,Sm,0.0690731682741658
1133,2011-04-14,Sm,0.0482608171444579
1134,2011-04-15,Sm,0.0580470148060267
1135,2011-04-16,Sm,0.0668533503301624
1136,2011-04-17,Sm,0.0648395691483378
1137,2011-04-18,Sm,0.0842491402842599
1138,2011-04-19,Sm,0.0176234615524064
1139,2011-04-20,Sm,0.050549951967141
1140,2011-04-21,Sm,0.129308835304464
1141,2011-04-22,Sm,0.038717097815361
1142,2011-04-23,Sm,0.0399377813947994
1143,2011-04-24,Sm,0.0260012888981617
1144,2011-04-25,Sm,0.0455428938137349
1145,2011-04-26,Sm,0.0862302187221808
1146,2011-04-27,Sm,0.0828875954529017
1147,2011-03-22,Eu,0.0383399821342115
1148,2011-03-23,Eu,0.0279801593755082
1149,2011-03-24,Eu,0.00984269932364044
1150,2011-03-25,Eu,0.00346048309112085
1151,2011-03-26,Eu,0.00150744387311715
1152,2011-03-27,Eu,0.0
1153,2011-03-28,Eu,0.012175954979009
1154,2011-03-29,Eu,0.0048148677801479
1155,2011-03-30,Eu,0.00667826067351101
1156,2011-03-31,Eu,0.0103775426646256
1157,2011-04-01,Eu,0.00486701102550188
1158,2011-04-02,Eu,0.00235580042586783
1159,2011-04-03,Eu,0.00678184539712778
1160,2011-04-04,Eu,0.00567843070588422
1161,2011-04-05,Eu,0.00697700970126219
1162,2011-04-06,Eu,0.0272454038018658
1163,2011-04-07,Eu,0.026478229336884
1164,2011-04-08,Eu,0.0355101532333809
1165,2011-04-09,Eu,0.0433540311374976
1166,2011-04-10,Eu,0.041800184055775
1167,2011-04-11,Eu,0.0337586181009578
1168,2011-04-12,Eu,0.0269698687510971
1169,2011-04-13,Eu,0.0269055559529655
1170,2011-04-14,Eu,0.0218974424582175
1171,2011-04-15,Eu,0.0228995521653637
1172,2011-04-16,Eu,0.0246636889122438
1173,2011-04-17,Eu,0.0240544238574072
1174,2011-04-18,Eu,0.027533135469182
1175,2011-04-19,Eu,0.0
1176,2011-04-20,Eu,0.0225236765420107
1177,2011-04-21,Eu,0.0221652556297712
1178,2011-04-22,Eu,0.00548392526745088
1179,2011-04-23,Eu,0.00552125368708055
1180,2011-04-24,Eu,0.00231913531334745
1181,2011-04-25,Eu,0.00560319666339686
1182,2011-04-26,Eu,0.012516239295027
1183,2011-04-27,Eu,0.0125409020812312
1184,2011-03-22,Gd,0.132538357379264
1185,2011-03-23,Gd,0.0739346777910439
1186,2011-03-24,Gd,0.0149792871808993
1187,2011-03-25,Gd,0.0
1188,2011-03-26,Gd,0.0
1189,2011-03-27,Gd,0.0
1190,2011-03-28,Gd,0.0401646107857859
1191,2011-03-29,Gd,0.0
1192,2011-03-30,Gd,0.0114674609722939
1193,2011-03-31,Gd,0.00674799174735168
1194,2011-04-01,Gd,0.0
1195,2011-04-02,Gd,0.0
1196,2011-04-03,Gd,0.0
1197,2011-04-04,Gd,0.0
1198,2011-04-05,Gd,0.0
1199,2011-04-06,Gd,0.0587609730170631
1200,2011-04-07,Gd,0.0529653150436316
1201,2011-04-08,Gd,0.0881597632645816
1202,2011-04-09,Gd,0.152826514321391
1203,2011-04-10,Gd,0.139984442908668
1204,2011-04-11,Gd,0.0977715920579842
1205,2011-04-12,Gd,0.081784867842457
1206,2011-04-13,Gd,0.0772861408435722
1207,2011-04-14,Gd,0.053460876395783
1208,2011-04-15,Gd,0.0645685433249389
1209,2011-04-16,Gd,0.0708717553964785
1210,2011-04-17,Gd,0.0698781521619491
1211,2011-04-18,Gd,0.092381311675661
1212,2011-04-19,Gd,0.0220090960805104
1213,2011-04-20,Gd,0.062351342542189
1214,2011-04-21,Gd,0.133891558812334
1215,2011-04-22,Gd,0.0373324353203536
1216,2011-04-23,Gd,0.0402690478846988
1217,2011-04-24,Gd,0.0229423215114658
1218,2011-04-25,Gd,0.0368082873784564
1219,2011-04-26,Gd,0.0896484534877302
1220,2011-04-27,Gd,0.0730096032258809
1221,2011-03-22,Tb,0.0196167564555287
1222,2011-03-23,Tb,0.0143256382314458
1223,2011-03-24,Tb,0.0
1224,2011-03-25,Tb,0.0
1225,2011-03-26,Tb,0.0
1226,2011-03-27,Tb,0.0
1227,2011-03-28,Tb,0.0010153885146632
1228,2011-03-29,Tb,0.0
1229,2011-03-30,Tb,0.0
1230,2011-03-31,Tb,0.0072954139168184
1231,2011-04-01,Tb,0.0024362412237417
1232,2011-04-02,Tb,0.00120171095693336
1233,2011-04-03,Tb,0.00462557584797736
1234,2011-04-04,Tb,0.0
1235,2011-04-05,Tb,0.00634494764845974
1236,2011-04-06,Tb,0.0118013784363316
1237,2011-04-07,Tb,0.00935685276908746
1238,2011-04-08,Tb,0.0148561443864461
1239,2011-04-09,Tb,0.0245515949576413
1240,2011-04-10,Tb,0.0215684732629733
1241,2011-04-11,Tb,0.016019383284868
1242,2011-04-12,Tb,0.0
1243,2011-04-13,Tb,0.000827896071878221
1244,2011-04-14,Tb,0.0
1245,2011-04-15,Tb,0.0
1246,2011-04-16,Tb,0.0
1247,2011-04-17,Tb,0.0
1248,2011-04-18,Tb,0.00317712957320031
1249,2011-04-19,Tb,0.0
1250,2011-04-20,Tb,0.0
1251,2011-04-21,Tb,0.0190068732525629
1252,2011-04-22,Tb,0.00432961563236665
1253,2011-04-23,Tb,0.00525748034338371
1254,2011-04-24,Tb,0.000979900899191829
1255,2011-04-25,Tb,0.00281089719336798
1256,2011-04-26,Tb,0.0118685356714913
1257,2011-04-27,Tb,0.00911997893074096
1258,2011-03-22,Dy,0.10995928855488
1259,2011-03-23,Dy,0.0768105971050627
1260,2011-03-24,Dy,0.0
1261,2011-03-25,Dy,0.0
1262,2011-03-26,Dy,0.0
1263,2011-03-27,Dy,0.0
1264,2011-03-28,Dy,0.0
1265,2011-03-29,Dy,0.0
1266,2011-03-30,Dy,0.0
1267,2011-03-31,Dy,0.00502179737179605
1268,2011-04-01,Dy,0.0
1269,2011-04-02,Dy,0.0
1270,2011-04-03,Dy,0.0
1271,2011-04-04,Dy,0.0
1272,2011-04-05,Dy,0.0
1273,2011-04-06,Dy,0.070148966329497
1274,2011-04-07,Dy,0.0532086513789906
1275,2011-04-08,Dy,0.0826481030954548
1276,2011-04-09,Dy,0.130462712561214
1277,2011-04-10,Dy,0.115720007438974
1278,2011-04-11,Dy,0.0885368663005688
1279,2011-04-12,Dy,0.0311865345576854
1280,2011-04-13,Dy,0.0366833591011049
1281,2011-04-14,Dy,0.019863401937729
1282,2011-04-15,Dy,0.0232039544880624
1283,2011-04-16,Dy,0.026922418963733
1284,2011-04-17,Dy,0.0235587410307786
1285,2011-04-18,Dy,0.0466855154585811
1286,2011-04-19,Dy,0.0
1287,2011-04-20,Dy,0.0269771129702252
1288,2011-04-21,Dy,0.11530509888314
1289,2011-04-22,Dy,0.0310085493482109
1290,2011-04-23,Dy,0.0395025248180604
1291,2011-04-24,Dy,0.0179301917844518
1292,2011-04-25,Dy,0.0290319151560313
1293,2011-04-26,Dy,0.0818699792453067
1294,2011-04-27,Dy,0.0540451767661317
1295,2011-03-22,Ho,0.0186715782163778
1296,2011-03-23,Ho,0.0122815811940092
1297,2011-03-24,Ho,0.0
1298,2011-03-25,Ho,0.0
1299,2011-03-26,Ho,0.0
1300,2011-03-27,Ho,0.0
1301,2011-03-28,Ho,0.0
1302,2011-03-29,Ho,0.0
1303,2011-03-30,Ho,0.0
1304,2011-03-31,Ho,0.0
1305,2011-04-01,Ho,0.0
1306,2011-04-02,Ho,0.0
1307,2011-04-03,Ho,0.0
1308,2011-04-04,Ho,0.0
1309,2011-04-05,Ho,0.0
1310,2011-04-06,Ho,0.0114728641039238
1311,2011-04-07,Ho,0.00895098630603255
1312,2011-04-08,Ho,0.0132578363877203
1313,2011-04-09,Ho,0.0220948344073522
1314,2011-04-10,Ho,0.0201206509409552
1315,2011-04-11,Ho,0.0146611080081062
1316,2011-04-12,Ho,0.00625460195259682
1317,2011-04-13,Ho,0.00693546387201632
1318,2011-04-14,Ho,0.00306372370127184
1319,2011-04-15,Ho,0.00399404355117249
1320,2011-04-16,Ho,0.00516738807256377
1321,2011-04-17,Ho,0.00469531753619059
1322,2011-04-18,Ho,0.00885622628771601
1323,2011-04-19,Ho,0.0
1324,2011-04-20,Ho,0.00442627024775974
1325,2011-04-21,Ho,0.0195159968431277
1326,2011-04-22,Ho,0.00437924967400752
1327,2011-04-23,Ho,0.00386701675570666
1328,2011-04-24,Ho,0.00111624432705357
1329,2011-04-25,Ho,0.00377762441790705
1330,2011-04-26,Ho,0.0129866385746898
1331,2011-04-27,Ho,0.00858036705333002
1332,2011-03-22,Er,0.0496134475048301
1333,2011-03-23,Er,0.0342045753747612
1334,2011-03-24,Er,0.0
1335,2011-03-25,Er,0.0
1336,2011-03-26,Er,0.0
1337,2011-03-27,Er,0.0
1338,2011-03-28,Er,0.0
1339,2011-03-29,Er,0.0
1340,2011-03-30,Er,0.0
1341,2011-03-31,Er,0.00735511956408599
1342,2011-04-01,Er,0.0
1343,2011-04-02,Er,0.0
1344,2011-04-03,Er,0.00549241607941179
1345,2011-04-04,Er,0.0
1346,2011-04-05,Er,0.00217682365095748
1347,2011-04-06,Er,0.0276963270424309
1348,2011-04-07,Er,0.025785332737855
1349,2011-04-08,Er,0.0361538132085813
1350,2011-04-09,Er,0.0631863952904237
1351,2011-04-10,Er,0.0570792607170982
1352,2011-04-11,Er,0.0389505552800372
1353,2011-04-12,Er,0.0139989306585623
1354,2011-04-13,Er,0.0146692567500856
1355,2011-04-14,Er,0.00867028281152023
1356,2011-04-15,Er,0.0101456019530686
1357,2011-04-16,Er,0.0121738046864831
1358,2011-04-17,Er,0.0106902304177646
1359,2011-04-18,Er,0.0220138580999335
1360,2011-04-19,Er,0.0
1361,2011-04-20,Er,0.00970060929463526
1362,2011-04-21,Er,0.057702885533143
1363,2011-04-22,Er,0.0169493888864958
1364,2011-04-23,Er,0.0171783590639832
1365,2011-04-24,Er,0.00874853276275342
1366,2011-04-25,Er,0.0153224038601435
1367,2011-04-26,Er,0.0398946835233991
1368,2011-04-27,Er,0.0269765656527004
1369,2011-03-22,Tm,0.0208799902702748
1370,2011-03-23,Tm,0.0185932671979184
1371,2011-03-24,Tm,0.0
1372,2011-03-25,Tm,0.0
1373,2011-03-26,Tm,0.0
1374,2011-03-27,Tm,0.0
1375,2011-03-28,Tm,0.0
1376,2011-03-29,Tm,0.0
1377,2011-03-30,Tm,0.0
1378,2011-03-31,Tm,0.0
1379,2011-04-01,Tm,0.0
1380,2011-04-02,Tm,0.0
1381,2011-04-03,Tm,0.000822042504244689
1382,2011-04-04,Tm,0.0
1383,2011-04-05,Tm,0.00091383889010847
1384,2011-04-06,Tm,0.0179571979603206
1385,2011-04-07,Tm,0.0179169351846249
1386,2011-04-08,Tm,0.023030546665739
1387,2011-04-09,Tm,0.0228610542342687
1388,2011-04-10,Tm,0.0225922220170162
1389,2011-04-11,Tm,0.0198050559525619
1390,2011-04-12,Tm,0.0
1391,2011-04-13,Tm,0.0
1392,2011-04-14,Tm,0.0
1393,2011-04-15,Tm,0.0
1394,2011-04-16,Tm,0.0
1395,2011-04-17,Tm,0.0
1396,2011-04-18,Tm,0.0
1397,2011-04-19,Tm,0.0
1398,2011-04-20,Tm,0.0
1399,2011-04-21,Tm,0.00667204238947197
1400,2011-04-22,Tm,0.0
1401,2011-04-23,Tm,0.0
1402,2011-04-24,Tm,0.0
1403,2011-04-25,Tm,0.0
1404,2011-04-26,Tm,0.00322645659768692
1405,2011-04-27,Tm,0.00282730946406036
1406,2011-03-22,Yb,0.0485135509852616
1407,2011-03-23,Yb,0.0292377841053767
1408,2011-03-24,Yb,0.0
1409,2011-03-25,Yb,0.0
1410,2011-03-26,Yb,0.0
1411,2011-03-27,Yb,0.0
1412,2011-03-28,Yb,0.00237205842832053
1413,2011-03-29,Yb,0.0
1414,2011-03-30,Yb,0.0
1415,2011-03-31,Yb,0.00987743881418555
1416,2011-04-01,Yb,0.00117761940710344
1417,2011-04-02,Yb,0.0
1418,2011-04-03,Yb,0.00502995533180629
1419,2011-04-04,Yb,0.0
1420,2011-04-05,Yb,0.00153343144752731
1421,2011-04-06,Yb,0.0267389621897979
1422,2011-04-07,Yb,0.0247103529788792
1423,2011-04-08,Yb,0.0343486303192473
1424,2011-04-09,Yb,0.0608845177636342
1425,2011-04-10,Yb,0.055207327893333
1426,2011-04-11,Yb,0.037698194382734
1427,2011-04-12,Yb,0.0155396058155811
1428,2011-04-13,Yb,0.0161684819836242
1429,2011-04-14,Yb,0.00814376382549999
1430,2011-04-15,Yb,0.0125843017678843
1431,2011-04-16,Yb,0.0139280137533079
1432,2011-04-17,Yb,0.0124276562475622
1433,2011-04-18,Yb,0.0202672688321449
1434,2011-04-19,Yb,0.0
1435,2011-04-20,Yb,0.010248361676005
1436,2011-04-21,Yb,0.0522162078950873
1437,2011-04-22,Yb,0.0155609083882854
1438,2011-04-23,Yb,0.015038573120925
1439,2011-04-24,Yb,0.00704852612697877
1440,2011-04-25,Yb,0.012454708880717
1441,2011-04-26,Yb,0.0309028203698455
1442,2011-04-27,Yb,0.0233431548349379
1443,2011-03-22,Lu,0.0184499914026135
1444,2011-03-23,Lu,0.0
1445,2011-03-24,Lu,0.0
1446,2011-03-25,Lu,0.0
1447,2011-03-26,Lu,0.0
1448,2011-03-27,Lu,0.0
1449,2011-03-28,Lu,0.0
1450,2011-03-29,Lu,0.0
1451,2011-03-30,Lu,0.0
1452,2011-03-31,Lu,0.0183874058303308
1453,2011-04-01,Lu,0.0
1454,2011-04-02,Lu,0.0
1455,2011-04-03,Lu,0.0
1456,2011-04-04,Lu,0.0
1457,2011-04-05,Lu,0.0
1458,2011-04-06,Lu,0.0
1459,2011-04-07,Lu,0.0
1460,2011-04-08,Lu,0.0
1461,2011-04-09,Lu,0.0214037758767058
1462,2011-04-10,Lu,0.0197567609541519
1463,2011-04-11,Lu,0.0
1464,2011-04-12,Lu,0.0
1465,2011-04-13,Lu,0.0
1466,2011-04-14,Lu,0.0
1467,2011-04-15,Lu,0.0
1468,2011-04-16,Lu,0.0
1469,2011-04-17,Lu,0.0
1470,2011-04-18,Lu,0.0
1471,2011-04-19,Lu,0.0
1472,2011-04-20,Lu,0.0
1473,2011-04-21,Lu,0.0204431762991744
1474,2011-04-22,Lu,0.0
1475,2011-04-23,Lu,0.0
1476,2011-04-24,Lu,0.0
1477,2011-04-25,Lu,0.0
1478,2011-04-26,Lu,0.0
1479,2011-04-27,Lu,0.0171213340574967
1480,2011-03-22,Hf,0.485557635640165
1481,2011-03-23,Hf,0.630587395644937
1482,2011-03-24,Hf,0.473390893303643
1483,2011-03-25,Hf,0.474862006958804
1484,2011-03-26,Hf,0.482981988573547
1485,2011-03-27,Hf,0.482425621966635
1486,2011-03-28,Hf,0.572523674251875
1487,2011-03-29,Hf,0.48336376686527
1488,2011-03-30,Hf,0.560865239832582
1489,2011-03-31,Hf,0.546202495705128
1490,2011-04-01,Hf,0.47207698804453
1491,2011-04-02,Hf,0.454101482880327
1492,2011-04-03,Hf,0.553369082744498
1493,2011-04-04,Hf,0.424513177902877
1494,2011-04-05,Hf,0.510092664810273
1495,2011-04-06,Hf,0.464799925286006
1496,2011-04-07,Hf,0.445834571222919
1497,2011-04-08,Hf,0.56315656039699
1498,2011-04-09,Hf,0.505843375930059
1499,2011-04-10,Hf,0.556159742248213
1500,2011-04-11,Hf,0.472879574751638
1501,2011-04-12,Hf,0.379212852327545
1502,2011-04-13,Hf,0.384042753505133
1503,2011-04-14,Hf,0.372143907915199
1504,2011-04-15,Hf,0.34482163336366
1505,2011-04-16,Hf,0.365272779454901
1506,2011-04-17,Hf,0.345022627201821
1507,2011-04-18,Hf,0.352213987527645
1508,2011-04-19,Hf,0.317767921805076
1509,2011-04-20,Hf,0.396765069800859
1510,2011-04-21,Hf,0.63785441212044
1511,2011-04-22,Hf,0.559765085619523
1512,2011-04-23,Hf,0.566484208137924
1513,2011-04-24,Hf,0.559155690091548
1514,2011-04-25,Hf,0.553916071121096
1515,2011-04-26,Hf,0.606554541933155
1516,2011-04-27,Hf,0.554511990073156
1517,2011-03-22,Ta,0.0
1518,2011-03-23,Ta,0.0491112178990561
1519,2011-03-24,Ta,0.0223453537457089
1520,2011-03-25,Ta,0.0482584136893654
1521,2011-03-26,Ta,0.00615669889792501
1522,2011-03-27,Ta,0.0
1523,2011-03-28,Ta,0.0368920221904545
1524,2011-03-29,Ta,0.0
1525,2011-03-30,Ta,0.0170838641614007
1526,2011-03-31,Ta,0.0
1527,2011-04-01,Ta,0.0
1528,2011-04-02,Ta,0.0
1529,2011-04-03,Ta,0.052652107645558
1530,2011-04-04,Ta,0.0
1531,2011-04-05,Ta,0.0302844587780516
1532,2011-04-06,Ta,0.0
1533,2011-04-07,Ta,0.0
1534,2011-04-08,Ta,0.0
1535,2011-04-09,Ta,0.0254682415804936
1536,2011-04-10,Ta,0.0932450132136973
1537,2011-04-11,Ta,0.0
1538,2011-04-12,Ta,0.0
1539,2011-04-13,Ta,0.0
1540,2011-04-14,Ta,0.0
1541,2011-04-15,Ta,0.0
1542,2011-04-16,Ta,0.0
1543,2011-04-17,Ta,0.0
1544,2011-04-18,Ta,0.0
1545,2011-04-19,Ta,0.0
1546,2011-04-20,Ta,0.0
1547,2011-04-21,Ta,0.0406502575565227
1548,2011-04-22,Ta,0.0
1549,2011-04-23,Ta,0.100984764598776
1550,2011-04-24,Ta,0.0
1551,2011-04-25,Ta,0.0
1552,2011-04-26,Ta,0.0
1553,2011-04-27,Ta,0.0
1554,2011-03-22,W,0.658441110500323
1555,2011-03-23,W,0.858907741224167
1556,2011-03-24,W,1.07725785981137
1557,2011-03-25,W,0.433970702453735
1558,2011-03-26,W,0.998545130105991
1559,2011-03-27,W,0.562940405149539
1560,2011-03-28,W,0.826242147196036
1561,2011-03-29,W,1.30088647745913
1562,2011-03-30,W,0.643038271466209
1563,2011-03-31,W,0.914015906067635
1564,2011-04-01,W,0.695896084697963
1565,2011-04-02,W,0.49596210104053
1566,2011-04-03,W,0.874174596167951
1567,2011-04-04,W,0.602772464877565
1568,2011-04-05,W,0.761643550801358
1569,2011-04-06,W,0.159923610755501
1570,2011-04-07,W,0.0781677638090474
1571,2011-04-08,W,0.397009605555554
1572,2011-04-09,W,0.786673568176507
1573,2011-04-10,W,0.950621991075016
1574,2011-04-11,W,1.26845925289873
1575,2011-04-12,W,1.19141745288765
1576,2011-04-13,W,0.746119802045046
1577,2011-04-14,W,0.686091126889689
1578,2011-04-15,W,1.34919277983033
1579,2011-04-16,W,1.67982051197176
1580,2011-04-17,W,0.964015968784036
1581,2011-04-18,W,0.290326077282908
1582,2011-04-19,W,0.562968042655146
1583,2011-04-20,W,2.0556724176173
1584,2011-04-21,W,1.03719136346504
1585,2011-04-22,W,0.519770229398843
1586,2011-04-23,W,0.689657366379076
1587,2011-04-24,W,0.439081925237258
1588,2011-04-25,W,0.602198669981624
1589,2011-04-26,W,0.337478917054058
1590,2011-04-27,W,0.649588784344999
1591,2011-03-22,Tl,0.135629936798725
1592,2011-03-23,Tl,0.067062123922589
1593,2011-03-24,Tl,0.12760943814496
1594,2011-03-25,Tl,0.0565774678475986
1595,2011-03-26,Tl,0.0675441610412709
1596,2011-03-27,Tl,0.0625996096926329
1597,2011-03-28,Tl,0.282510382640615
1598,2011-03-29,Tl,0.389278467197542
1599,2011-03-30,Tl,0.20287957954737
1600,2011-03-31,Tl,0.347277408637874
1601,2011-04-01,Tl,0.331951787608535
1602,2011-04-02,Tl,0.214534271351422
1603,2011-04-03,Tl,0.193485509838998
1604,2011-04-04,Tl,0.118946841124492
1605,2011-04-05,Tl,0.0763632530260437
1606,2011-04-06,Tl,0.0265377309758433
1607,2011-04-07,Tl,0.0490729850376917
1608,2011-04-08,Tl,0.0819115994712492
1609,2011-04-09,Tl,0.176239601367769
1610,2011-04-10,Tl,0.367420873855685
1611,2011-04-11,Tl,0.165642286148699
1612,2011-04-12,Tl,0.100052555052147
1613,2011-04-13,Tl,0.348959643483932
1614,2011-04-14,Tl,0.129194910503483
1615,2011-04-15,Tl,0.329282888448986
1616,2011-04-16,Tl,0.340864828812806
1617,2011-04-17,Tl,0.335672677074309
1618,2011-04-18,Tl,0.0645165880630997
1619,2011-04-19,Tl,0.0240040442316304
1620,2011-04-20,Tl,0.045680548810102
1621,2011-04-21,Tl,0.1339661243322
1622,2011-04-22,Tl,0.0678077368878586
1623,2011-04-23,Tl,0.0735411607576494
1624,2011-04-24,Tl,0.184815488785442
1625,2011-04-25,Tl,0.246923985086993
1626,2011-04-26,Tl,0.0723860060761058
1627,2011-04-27,Tl,0.178076024060823
1628,2011-03-22,Pb,27.6503322456331
1629,2011-03-23,Pb,14.4452177093398
1630,2011-03-24,Pb,24.371209356738
1631,2011-03-25,Pb,9.99687770328849
1632,2011-03-26,Pb,18.6849380805157
1633,2011-03-27,Pb,13.2788743566338
1634,2011-03-28,Pb,45.3444249386844
1635,2011-03-29,Pb,62.4990589375663
1636,2011-03-30,Pb,32.8336928697351
1637,2011-03-31,Pb,49.9804089845194
1638,2011-04-01,Pb,42.634211550615
1639,2011-04-02,Pb,28.8060699521022
1640,2011-04-03,Pb,18.6298884978334
1641,2011-04-04,Pb,6.83569990547352
1642,2011-04-05,Pb,9.36254654220957
1643,2011-04-06,Pb,3.8378804013425
1644,2011-04-07,Pb,3.06642181835566
1645,2011-04-08,Pb,13.7591897254462
1646,2011-04-09,Pb,28.8691989790592
1647,2011-04-10,Pb,44.713309952617
1648,2011-04-11,Pb,24.5293479458509
1649,2011-04-12,Pb,16.8680568251211
1650,2011-04-13,Pb,50.7150884992697
1651,2011-04-14,Pb,22.397055155852
1652,2011-04-15,Pb,57.3885566732459
1653,2011-04-16,Pb,44.3578240717504
1654,2011-04-17,Pb,40.4713073028584
1655,2011-04-18,Pb,7.82704860142159
1656,2011-04-19,Pb,4.43736088136298
1657,2011-04-20,Pb,6.85741185128307
1658,2011-04-21,Pb,14.4644937073513
1659,2011-04-22,Pb,16.0652666114209
1660,2011-04-23,Pb,13.6142023037573
1661,2011-04-24,Pb,28.9583886129093
1662,2011-04-25,Pb,27.2263141227442
1663,2011-04-26,Pb,7.66034371562823
1664,2011-04-27,Pb,28.0343506556674
1665,2011-03-22,Bi,0.508952627766959
1666,2011-03-23,Bi,0.252082661257157
1667,2011-03-24,Bi,0.641824996858058
1668,2011-03-25,Bi,0.182095878272726
1669,2011-03-26,Bi,0.333629659675303
1670,2011-03-27,Bi,0.259780359023005
1671,2011-03-28,Bi,0.957835859130612
1672,2011-03-29,Bi,1.3822262997157
1673,2011-03-30,Bi,0.771007202915168
1674,2011-03-31,Bi,1.15306244443405
1675,2011-04-01,Bi,0.886286043137229
1676,2011-04-02,Bi,0.536655061598347
1677,2011-04-03,Bi,0.383560792695676
1678,2011-04-04,Bi,0.238427475103693
1679,2011-04-05,Bi,0.542997595427828
1680,2011-04-06,Bi,0.072831378947303
1681,2011-04-07,Bi,0.0841696145897922
1682,2011-04-08,Bi,0.732163206520146
1683,2011-04-09,Bi,0.547379542054009
1684,2011-04-10,Bi,0.949881358148818
1685,2011-04-11,Bi,0.456737452683252
1686,2011-04-12,Bi,0.420167829412447
1687,2011-04-13,Bi,0.829300507504929
1688,2011-04-14,Bi,0.421563597968495
1689,2011-04-15,Bi,1.65093319261835
1690,2011-04-16,Bi,0.98720543714008
1691,2011-04-17,Bi,0.972232760727456
1692,2011-04-18,Bi,0.228537003812418
1693,2011-04-19,Bi,0.185373900876861
1694,2011-04-20,Bi,0.317821939171387
1695,2011-04-21,Bi,0.406602112676056
1696,2011-04-22,Bi,0.256539271225732
1697,2011-04-23,Bi,0.372409543467703
1698,2011-04-24,Bi,0.741153618281845
1699,2011-04-25,Bi,0.714940762220381
1700,2011-04-26,Bi,0.238490022485024
1701,2011-04-27,Bi,0.645375244927622
1702,2011-03-22,Th,0.172340707093696
1703,2011-03-23,Th,0.0855189372063571
1704,2011-03-24,Th,0.0
1705,2011-03-25,Th,0.0
1706,2011-03-26,Th,0.0
1707,2011-03-27,Th,0.0
1708,2011-03-28,Th,0.0881968147786776
1709,2011-03-29,Th,0.0
1710,2011-03-30,Th,0.0
1711,2011-03-31,Th,0.1642963428411
1712,2011-04-01,Th,0.138336801844941
1713,2011-04-02,Th,0.109608968905378
1714,2011-04-03,Th,0.141242518279063
1715,2011-04-04,Th,0.0497488763301007
1716,2011-04-05,Th,0.131216964099024
1717,2011-04-06,Th,0.0122531529893515
1718,2011-04-07,Th,0.0
1719,2011-04-08,Th,0.0446362563611568
1720,2011-04-09,Th,0.234924459006065
1721,2011-04-10,Th,0.215836419630576
1722,2011-04-11,Th,0.078179643204007
1723,2011-04-12,Th,0.0
1724,2011-04-13,Th,0.0
1725,2011-04-14,Th,0.0
1726,2011-04-15,Th,0.0
1727,2011-04-16,Th,0.0
1728,2011-04-17,Th,0.0
1729,2011-04-18,Th,0.0
1730,2011-04-19,Th,0.0
1731,2011-04-20,Th,0.0
1732,2011-04-21,Th,0.288532938075799
1733,2011-04-22,Th,0.112374015610438
1734,2011-04-23,Th,0.113951830742142
1735,2011-04-24,Th,0.0839213647603771
1736,2011-04-25,Th,0.103905834684661
1737,2011-04-26,Th,0.167372888312009
1738,2011-04-27,Th,0.187365372290965
1739,2011-03-22,U,0.170518285168838
1740,2011-03-23,U,0.152105276507612
1741,2011-03-24,U,0.0
1742,2011-03-25,U,0.0
1743,2011-03-26,U,0.0
1744,2011-03-27,U,0.0
1745,2011-03-28,U,0.0
1746,2011-03-29,U,0.0
1747,2011-03-30,U,0.0
1748,2011-03-31,U,0.0
1749,2011-04-01,U,0.0
1750,2011-04-02,U,0.0
1751,2011-04-03,U,0.0
1752,2011-04-04,U,0.0
1753,2011-04-05,U,0.0
1754,2011-04-06,U,0.123669943008706
1755,2011-04-07,U,0.0948326720258825
1756,2011-04-08,U,0.153008364515407
1757,2011-04-09,U,0.20649646095521
1758,2011-04-10,U,0.182533533055528
1759,2011-04-11,U,0.152829669416641
1760,2011-04-12,U,0.0218596067840741
1761,2011-04-13,U,0.0634379808339512
1762,2011-04-14,U,0.043818684882496
1763,2011-04-15,U,0.0399972316947626
1764,2011-04-16,U,0.0375776112303545
1765,2011-04-17,U,0.0466886407507728
1766,2011-04-18,U,0.0464018290880446
1767,2011-04-19,U,0.0
1768,2011-04-20,U,0.0390082426827724
1769,2011-04-21,U,0.190437543715227
1770,2011-04-22,U,0.0893667283082851
1771,2011-04-23,U,0.0891262275423278
1772,2011-04-24,U,0.0599558741128051
1773,2011-04-25,U,0.0578559364244235
1774,2011-04-26,U,0.119505540074325
1775,2011-04-27,U,0.101649382962498
